review,similarity_value,report1,report2,report3
40 of my battery was used in 12 hours  no single app on my phone or a group of them uses that much  it says firefox used 40 of the battery since last charge 12 hours ago under restricted mode this is not good and probably have to force stop anytime im not using it to save my battery,"[-1, -1, -1]",NaN,NaN,NaN
promote all you want with turning red but the browser is still bad battery usage is still one of the highest amongst available browsers i guess not listening to feedback is also a skill,"[-1, -1, -1]",NaN,NaN,NaN
almost awesome still for some reason no matter how many plugins i use or dont use pages still stall when they are a quarter loaded just sits there for a while then finishes loading every page every time on all devices i tested on atleast 6 phones and tablets all battery restricted settings off etc etc still gonna use it but its anoyying great product otherwise,"[-1, -1, -1]",NaN,NaN,NaN
the background battery drain is baaaaad ive been using firefox on android never had much of an issue but in recent weeks ive found that firefox is eating through my battery more than any other app on my phone and i watch youtube for more hours per day than i do firefox this is a sign of an issue beyond my control i have disabled background data access closed all open tabs for now i am switching to beta to see if that helps,"[-1, -1, -1]",NaN,NaN,NaN
animations waste a lot of time please add an option to turn them off one animation may be less than a second but if you use the app a lot of time those microseconds add up sheer waste of time plus it uses more cpu power sheer waste of cpu power,"[-1, -1, -1]",NaN,NaN,NaN
theres a bug only with firefox whenever i put my samsung phone into maximum power saving mode it limits apps so you can add a select few to your home screen when i add firefox it works fine but when i edit the layout to remove or add a new app firefox disappears so i have to stop and resume power saving mode just for it to reappear from the available apps i can add this only happens to firefox,"[-1, -1, -1]",NaN,NaN,NaN
absolute trash why on earth would you want to store payment info please fix how much data is used  please sort out the bookmarks bookmarks are not user friendly at all it needs to remember your last location in bookmark folders instead of having to go through then again to get to where you just were difficult to access saved logins  get back to the page you were on i dont allow this to use battery in the background yet it still does  cant reorder top sites,"[0.908554032917056, 0.8941105722488448, 0.8927205296660252]", back button in root bookmarks folder in bookmarks page isnt disabled or hidden,cant create new bookmarks folder due to 6974, you can place a bookmarks folder inside itself deleting it after this does not work
unusable on samsung galaxy phones since 2021 major update fenix big fan of the app but after months of struggling it is ending up in the bin hello duck duck basically every time you leave firefox to use a 2fa app copy content from another app validate a payment in your bank app  and come back to it 3 seconds after all the tabs are reloaded and the current state is lost all battery optimisation settings set in favor of the app though,"[0.9017691390439947, -1, -1]",fnx216373   new tabs tray gets blank for a while when the back button is pressed two times quickly or going to the androids homescreen and coming back,NaN,NaN
is using too much battery is top 1 on my cell without too much use i had to limit the background battery usage,"[-1, -1, -1]",NaN,NaN,NaN
just works seems recently doesnt even eat too much battery,"[-1, -1, -1]",NaN,NaN,NaN
drains a ton of battery on my phone running android 12,"[-1, -1, -1]",NaN,NaN,NaN
desktop app has gotten worse for data collection thunderbird refuses to implement user requested features from 10 year old enhancement bugs memory leaks mobile version eats battery unless prevented from running in the background mozilla brain drain due to social justice politics,"[-1, -1, -1]",NaN,NaN,NaN
i prefer firefox over all other browsers 3ven if it might take more processing power to handle it is the only truly stable browser out there right now,"[-1, -1, -1]",NaN,NaN,NaN
allegedly awesome but has serious problems whats new tab doesnt give accurate info cant change wallpaper if neither option exists ff logo doesnt work  customize home has no such option also dark theme inop for most websites cant drag  reorder bookmarks to make them easier to find to delete browsing data you have to choose quit every time you exit or use private mode often has problems loading pages and battery drain is no better than samsung internet why bother,"[-1, -1, -1]",NaN,NaN,NaN
battery consumption wise i belive this is the worst browser i love firefox but the increasing battery consumption makes me want to quit it,"[-1, -1, -1]",NaN,NaN,NaN
mozilla firefox has been my favorite browser since netscape on android however they have some problems android devices say they are using too much battery when private mode is enabled and left on they have the same complaint about fairemail so im more inclined to believe this is just aggression against all open source apps firefox is their biggest browser competitor which is not based on chrome i have had similar problems with dolphin on android keep up the good work guys,"[-1, -1, -1]",NaN,NaN,NaN
updates w features seem to cause problems that never shouldve got off the drawing board but the ability to watch youtube videos without ads using addons earns them a 355 despite becoming increasingly battery hungry too bad they have to compete with brave or theyd win but sorry brave is a better mobile browser,"[-1, -1, -1]",NaN,NaN,NaN
now my back and home buttons along with clock and battery status disappear unless you swipe on the top or bottom of the screen what a pain in the rear to use the back button on my s21 completely ruined the browsing experience i want my factory samsung navigation buttons back,"[-1, -1, -1]",NaN,NaN,NaN
almost satisfactory needs drag down to refresh for ease of checking that web page is properly loaded also you need to fix the issue with losing all private tabs if battery dies and phone shuts off,"[0.8902378669052092, -1, -1]",fnx216373   new tabs tray gets blank for a while when the back button is pressed two times quickly or going to the androids homescreen and coming back,NaN,NaN
firefox now removes the buttons from android and operates in a full screen mode making it so you cant read the time or see your battery nor can you easily access the home back and index buttons i dont know if this is a new feature or a new bug but it makes using the browser more of a hassle than a convenience,"[0.8921423849855389, -1, -1]",when pressing the firefox preview icon on the homescreen a different app opens ,NaN,NaN
need fullscreen option to hide phone clock and battery bar,"[-1, -1, -1]",NaN,NaN,NaN
good app works perfectly but its a big battery eater,"[-1, -1, -1]",NaN,NaN,NaN
it has a nice and easy ui but it consumes a lot of battery compared to chrome  opera it takes even a handful of space space is manageable but not battery please look into it one more piece of advice download sections can be disintegrated into filesimagesaudios etc,"[-1, -1, -1]",NaN,NaN,NaN
still no history search drained 60 battery overnight still the only viable alternative to chrome  im developing stockholm syndrome,"[-1, -1, -1]",NaN,NaN,NaN
i used to rate firefox as a 5 star browser but it has become a battery drain over the last week today it used over 50 of the battery for 15 minutes of active use,"[-1, -1, -1]",NaN,NaN,NaN
battery drain when compared to chrome standalone adblocker is really bad,"[-1, -1, -1]",NaN,NaN,NaN
i dont know why but firefox has been using a large amount of battery since the last update please fix it,"[-1, -1, -1]",NaN,NaN,NaN
i cant use that garbage super slow wastes your time and makes your battery to die faster becase you spend more time on what you are looking for,"[-1, -1, -1]",NaN,NaN,NaN
omg i have had such a hard time finding browser that not for the truth firefox also hides the things they dont want you to see or hearkevin hart was on shark tankwhy would they put him on air when everyone knows what lies n crimes he is charged for but when i wrote n asked things on firefox i was taken for a ride they hide the actors behavior alsouninstalling,"[-1, -1, -1]",NaN,NaN,NaN
awfully resource hogging browser thats constantly draining the cpu forcing it to be flushed from memory by the os and losing my session also extremely buggy and not able to render banners and other web elements correctly on top of this it opts you in by default into running mozillas studies on your phone whatever that means and sends them your usage data,"[-1, -1, -1]",NaN,NaN,NaN
new version still uses 20 battery on idle still has battery drain issues,"[-1, -1, -1]",NaN,NaN,NaN
extremly good browser with adblocker a major drawback is that it consumes a vast amount of battery,"[-1, -1, -1]",NaN,NaN,NaN
firefox is the only best choice for me but it getting slowdown the memory and draining battery percentage if i loaded plenty browser tabs,"[-1, -1, -1]",NaN,NaN,NaN
needs a lot of update to get it working the same as old versionalso keep on getting battery warning fire fox not closing down how to shut of fire fox when not usingexit doesnt do itupdate i cant copy and pastlatest march update now firefox constantly crashing crash crash crash crash crashwelcome to crash foxcos thats all it doesmarch 20 updatetime for the bin updatewhy cant you fix itasap pleaseso many updates and yet firfox keeps crashing on ebay login,"[-1, -1, -1]",NaN,NaN,NaN
app is ok needs work on power management and ram usage it takes a while to stop the app entirely too,"[-1, -1, -1]",NaN,NaN,NaN
i have added 1 additional star and i feel most of the previous issues that i had posted about like battery drain but for addons and securenot invisible are strong patrick,"[-1, -1, -1]",NaN,NaN,NaN
installed looking for more privacy but found the unopened app was draining my battery 37 in a few hours what are they running during the idle very suspicious uninstall,"[-1, -1, -1]",NaN,NaN,NaN
way to many ads after update try reading news with low signal and youll see that it is so annoying i usually just give up and close the app and it uses more of my data  battery now,"[-1, -1, -1]",NaN,NaN,NaN
more than a gigabyte of a browser 18gb  always  runs drains  battery after i quit from it every single time its get an update its become slover  by a bit bookmarks  are terrible mess and i forget mention the terrible looking new logo,"[-1, -1, -1]",NaN,NaN,NaN
what happened to addons no search bar in addons user interface bad edit there are a lot of popups redirects from websites in spite of addons the addons it seems are not doing what they are supposed to do with every update u r going downhill takes up lots of memory battery spacesize of app the whole experience of firefox is poor what is fill link from clipboard 12000 in the latest version,"[-1, -1, -1]",NaN,NaN,NaN
use for an hr returned and still charging 2 weeks later,"[-1, -1, -1]",NaN,NaN,NaN
stop updating stop adding new features stop changing my settings leave everything alone until the heat death of the universe,"[-1, -1, -1]",NaN,NaN,NaN
can be energy drain for celphone if we let firefox on this why i re move 1 star but firefox is the most secure internet browser,"[-1, -1, -1]",NaN,NaN,NaN
works but vastly inferior to its desktop version tab management is inconvenient no keyboard shortcut support mo controller support and uses a lot of battery youre better off using google chrome,"[-1, -1, -1]",NaN,NaN,NaN
works ok but why in the world is it draining my battery like crazy android said it needed to stop ddain of my battery because of one app and its firefox wont be using it any more because of this also new tabs dont automatically get selected i have to quickly tap on open now or go to the menu to switch to the tab i just opened apparently im the only person who wants to automatically go to newly opened tabs,"[-1, -1, -1]",NaN,NaN,NaN
after the recent updateit seems to drain more battery in my deviceandroid 10,"[-1, -1, -1]",NaN,NaN,NaN
im a big fan of this browser the foundation behind it and it taking a stand against tracking but why does the phone in the screenshots here only have 14 and 6 battery remaining,"[-1, -1, -1]",NaN,NaN,NaN
honestly it works really well and the ui is superintuitive but heres the problem i usually only have to charge my phone once per day with firefox installed no addons normal settings i basically have to keep a mobile charger tethered to my phone,"[-1, -1, -1]",NaN,NaN,NaN
139 drained in roughly 45 minutes thats with background data and such turned off its always been high in terms of battery consumption but 139 is just downright absurd,"[-1, -1, -1]",NaN,NaN,NaN
why does firefox used more battery by simply turning background battery it makes no sense i sometimes open firefox to read on thing and when i noticed my battery drains quickly is caused by firefox using 30 to 40 by used for literally 3 minutes it is frustrating,"[-1, -1, -1]",NaN,NaN,NaN
all the updates constant tinkering have made firefox very power hungry so it crashes often ive gone back to chrome  which just works,"[-1, -1, -1]",NaN,NaN,NaN
constantly closes itself and refreshes any open page i leave it on when it doesnt which uses up unnecessary amounts of data and power,"[-1, -1, -1]",NaN,NaN,NaN
overall quite stablethe synced tabs feature is very useful for viewing my desktop tabs on the go it is also compatible with the firefox quantum desktop addons ublock origin on an android phone is awesome my only gripe is that firefox on android can be a bit heavy on battery usage,"[0.8993997940095859, 0.8921290783130768, 0.892111498761242]", send tab to devicefenix from other device not showing notification on firefox android until share icon tapped, when accessing fenix search from the widget system back or swipe back should go to the android homescreen,tapping the android back button while having as current tab a ublock link closes the tab
it was a good app but absolutely destroyed my battery my battery went from 3 days of use all day to less than a day and it is 100 because of firefox i had to get rid of it but i had no other complaints with it but its such a big one i have to rate it 2 stars,"[-1, -1, -1]",NaN,NaN,NaN
the new update is good with better ui and some features but its main function that is browsing has become slow a bit and makes my phone heat up even more than when i use youtube its a great browser for privacy and stuff but please fix this asap,"[-1, -1, -1]",NaN,NaN,NaN
amazing browser in terms of customization addons make it ideal for a power user it used to be my main but i moved to opera because frankly firefox is very very stuttery and cant maintain consistent performance when multitasking or even when running basic tasks,"[-1, -1, -1]",NaN,NaN,NaN
new update is causing battery drain issues even when im not using the app the whole day it uses upto 30 of my battery,"[-1, -1, -1]",NaN,NaN,NaN
ublock  background play fix thats what i use i have a job listening to audio through their browser 8 hours a day dozens of times a day i need to pull phone out see a reload  find my place in 2hr videowebpages crash multiple times an hour  i need to open  find my place ill push play hit power phone in pocket and literally 20 seconds later audio stops phone out open everything reloads because it crashed firefox needs competition hate dealing with this firefox mobile is broken,"[-1, -1, -1]",NaN,NaN,NaN
mobile are so heating and so fast charging is down,"[-1, -1, -1]",NaN,NaN,NaN
havent updated for about a year and checked the current version on a second phone  no thanks i will stay with the old version the new version lacks many addons the tabbar aboutconfig and i dont know what else  this is already more than enough to use the old version mozilla makes the same downgraded updates with the android version like they did with the desktop versions but which company doesnt as a power user i want the software to be used and look the way i like but this is more and more impossible being forced to use old and maybe unsecure versions which not only often have more features but often also a better ui,"[-1, -1, -1]",NaN,NaN,NaN
latest version causes extreme cpu use makes phone drastically heat up and drains the battery of my android 11 phone just typing this paragraph used 3 of battery this is with all addons disabled other browsers chrome  duckgo do not exhibit this effect needless to say this renders it unusable too bad because firefox was my go to browser on android on windows desktop its still my favorite,"[-1, -1, -1]",NaN,NaN,NaN
its great especially adblocker but the issue is with streaming sites its not well optimised at least not as chrome  uses more battery  also navigation guesture sucks new tabs are pane and cant perform slide guesture to change tabs,"[0.8923800495193359, -1, -1]", add new tab plus button is impossible to see in private mode when using light theme and accessibility settings ex talkback is on,NaN,NaN
the new geckoview based browser has been heating up my phone and constantly crashing or acting strange after opening too many tabs tab list blank control widgets disappearing ever since it was released last year im sure its amazing on current phones but its an absolute hog on my 2014 note4 hate to be forced to another browser but its currently unusable for me,"[0.8964946032390394, 0.8923084246194027, -1]", when accessing fenix search from the widget system back or swipe back should go to the android homescreen, back button does not work when fenix is launched using search widget clicking makes browser completely unresponsive,NaN
on a pixel 3xllatest os build as of 7621 phone became unstable battery draining and phone would reboot randomly even with 75 or higher battery charge uninstalled and have had zero issues since back to chrome i go,"[-1, -1, -1]",NaN,NaN,NaN
i watch yt videos on firefox due to background playback support but due to some reason the video stops when i reload the firefox the tab refreshes and loads this is so frustrating please fix asap i dont have settings like battery saver on,"[0.8909986209131979, -1, -1]",fnx215659   save to collection button in home screen even with 0 tabs,NaN,NaN
ok but drains battery very annoying when it drops back into the default loading page instead of scrolling back to a previous page chrome and opera perform much better on android,"[-1, -1, -1]",NaN,NaN,NaN
app killed my battery over night in background very clunky ui mobile web surfing is such garbage in 2021,"[-1, -1, -1]",NaN,NaN,NaN
slow rendering pages content jumps around both while loading and when some page elements refresh and battery life halved system reported ff consuming more than system itself update no pages open system claims it used 88 battery in the past 8 hours,"[-1, -1, -1]",NaN,NaN,NaN
killing my battery by staying as a foreground task constantly unless i swipe it away in recents after each time im finished using it shame as i love firefox run as foreground task is being asked for and abused by so many apps now and theres no way of denying this permission though im sure its a bug in the case of firefox,"[-1, -1, -1]",NaN,NaN,NaN
i will rate 5 star if you provide a option save as this browser also sucks a lot of power,"[-1, -1, -1]",NaN,NaN,NaN
battery usage is still a little high but this is a fantastic browser,"[-1, -1, -1]",NaN,NaN,NaN
the video playback needs to improveit lags sometimes and it needs to be more power efficient rest of the things are very good,"[-1, -1, -1]",NaN,NaN,NaN
please let me disable background video playback silent videos are eating up my battery and old tabs are resuming playback unexpectedly just let us toggle background playback in the settings,"[-1, -1, -1]",NaN,NaN,NaN
how do you have such a superior desktop browser and a subpar app 4 minutes of use was equal to 4 of my battery refresh is in the side menu and not a pull down action uninstalling for now will try again in a few months i guess,"[-1, -1, -1]",NaN,NaN,NaN
the tab switcher is very inconvenient especially between private and normal tabs also the app makes the phone rather warm and drains the battery a bit other than that its alright,"[-1, -1, -1]",NaN,NaN,NaN
opening the app it shut down my phone i was so scared i got hacked or something yes my phone was fully charged once i turned on my phone opened the app crash error tried several times same thing happened trash app ,"[-1, -1, -1]",NaN,NaN,NaN
a great app overall fast and private but it drains a lot of battery even with advanced battery optimization,"[-1, -1, -1]",NaN,NaN,NaN
1st need video assistant feature like samsung internet browser 2nd consuming high battery usage it is very heavy on battery,"[-1, -1, -1]",NaN,NaN,NaN
bugs out the keyboard too much to bother using will randomly teleport where youre typing will randomly add letters when typing if you click into a textbox instead of going to the end of the textbox it drops you somewhere arbitrarily in the middle thought it was my phone or keyboard at first but every other app works fine moto g power standard google keyboard,"[-1, -1, -1]",NaN,NaN,NaN
app suddenly stopped displaying websites correctly even mozilla support websites turned it to desktop opened it in safe mode restarted phone took out battery and put it in again reinstalled it again restarted it after reinstalling download another browser and it works just fine words appear in black squares and pictures seem either too elongated or glitchy to even be able to see have had this on my phone for 5 months now,"[-1, -1, -1]",NaN,NaN,NaN
give my aboutconfig back until then ill be keep using chrome also dont ask me to switch to beta or nighty in that case i assume it as switch to chrome because why cant stable and aboutconfig exist together at all im power user i know what im doing and i want a stable browser,"[-1, -1, -1]",NaN,NaN,NaN
very high battery usage wonder what this does in the background,"[-1, -1, -1]",NaN,NaN,NaN
drains battery too much mozilla will have to fix this,"[-1, -1, -1]",NaN,NaN,NaN
too bad it used to be a very good browser edit even worst now when in background it consumes battery if websites request it,"[-1, -1, -1]",NaN,NaN,NaN
everything is first class but i have some issues while streaming youtube 1 when we play in fastforward the audio quality is crickling 2 when i try to play on full screen video not getting adjusted to screen properly also if i scroll down notification toggle and again sent it back the time and battery bar keep on staying in the video 3 video rotation issue as many users quoting videos are not rotating according to our position of mobile firefox please consider these,"[-1, -1, -1]",NaN,NaN,NaN
cannot import bookmarks drains battery few extensions white line at top of the browser laggy when browsing large forum threads,"[0.9007055662085511, 0.8952337373558061, -1]", opening an empty page with windowopen in custom tab causes unresponsive browser,fnx216663   regression large gap on delete browsing data on quit screen,NaN
firefox was known for the ability to tweak everything but this mobile app changed to the complete opposite they deactivated the aboutconfig the addons are limited to a select few the tabs are reloading on selecting them or when they are in background so no listening to youtube on one tab while browsing on another at least most of the times its not working or just for 5 minutes firefox is excluded from battery saving so its not an android problem and neither youtube page,"[-1, -1, -1]",NaN,NaN,NaN
too many permissions  intrusive ads  lacks of security features  did not block 3rd party trackers  3rd party cookies  lots of bug  consume a lot of ram  my battery drains fast   and why is it that everytime i go to facebook when i select the message tab it always open the messenger app,"[-1, -1, -1]",NaN,NaN,NaN
userfriendly if you ask me but for some reason most of times after quiting the app it keeps running on background and sucking battery,"[-1, -1, -1]",NaN,NaN,NaN
it consumes battery more than chrome and also chrome works better with google search i choose firefox for privacy reasons but with these issues i will come back to chrome soon fix firefox please,"[-1, -1, -1]",NaN,NaN,NaN
i cant search anything my phone power off ever time i search something it looks like this app contains virus,"[-1, -1, -1]",NaN,NaN,NaN
xfininily network charge keyboard english message send emails tellusmore skydevice comwelcome to gboard clipboard any text you copy will be saved here,"[0.8963841624775015, 0.8948090343351407, -1]", clicking back on sentry socorro links opened from aboutcrashes closes the browser, fennec migration looking for your logins message card is displayed after entering primary password and returning to home screen,NaN
gating addons isnt cool bruh give power back to da people,"[-1, -1, -1]",NaN,NaN,NaN
firefox had been my preferred browser since it first debuted but this latest version has caused me to quit using it entirely 1 slower page loading overall sluggish performance 2 massive battery drain uninstalled ff and batterys running like a champ again 3 browser started freezing up eventually it started freezing my whole phone up 4 nowhere near enough user settings and extension support is depressingly laughable at this point 5 we still cant sort our bookmarks,"[-1, -1, -1]",NaN,NaN,NaN
reporting you for not letting users uninstall the app completely this is bs and no one should even use your app at all  because i am warning everyone now it will kill your battery quick plus you wont be able to use your phone at all  this app is terrible ,"[-1, -1, -1]",NaN,NaN,NaN
updated to four stars after some improvements were made the app is still a battery drain though the update made the app terrible features are missing and i cant even scroll past images without it jumping to the top or bottom of the page,"[-1, -1, -1]",NaN,NaN,NaN
much better than it used to be and doesnt drain your battery like chrome does,"[-1, -1, -1]",NaN,NaN,NaN
kills my pixel 3 xls battery granted thats not hard since the phone is also garbage but this performs worse than most browsers,"[-1, -1, -1]",NaN,NaN,NaN
a good browser but sadly unlike my pc my mobile phone isnt a nasa computer but one of those cheap ones without the heft and juice to melt an arctic iceberg so with regrets i have to use a sub par browser instead of this magnificent piece of wonderously and highly sophisticated software but seriously optimization is a thing but then firefox often used close to one gb of ram on my pc but yeah other than that its hands down the best browser,"[-1, -1, -1]",NaN,NaN,NaN
just garbage and slow uses way too many resources and kills battery brave is so much better,"[-1, -1, -1]",NaN,NaN,NaN
sluggish and a resource hog drained battery and used up too much memory new version is horrible so i looked for something better switched to a browser that is way faster and has great features bye mozilla,"[-1, -1, -1]",NaN,NaN,NaN
horrific usability bookmarks not easily accessible also runs in background and drains battery despite removing autostart permissions ff for desktop my favorite browser just not for mobile,"[0.9027831605077205, 0.9007240949794089, 0.8974630057129905]", when accessing fenix search from the widget system back or swipe back should go to the android homescreen, open in app opens the chrome browser if pocket onboarding is not doneskipped, after pressing on accept the risk and continue in the notification secure connection failed firefox for android marks untrusted by any reason https site connection as secure bugzilla 1714582
battery life hog on huawei mate 20 and samsung s20 fe,"[-1, -1, -1]",NaN,NaN,NaN
needs work chrome is objectively a better browser in every sense faster better ui less bugs less battery usage the list goes on the only thing keeping me are the extensions this is the only way to get a decent ad blocker on android without rooting or using some sketch privacy browser however even extensions need work because you can only use 12 out or the 1000s available for desktop which never used to be the case wth,"[-1, -1, -1]",NaN,NaN,NaN
not as easy on battery or memory as i would like but worth it to use firefox make sure you turn off their silly wifi locator service to get rid of that annoying background battery usage notification,"[-1, -1, -1]",NaN,NaN,NaN
a pc like browsing experience but a power hungry monster please make it light on resources,"[-1, -1, -1]",NaN,NaN,NaN
very taxing on battery life probably a bug  not yet as speedy as promised with the new update but its getting better,"[-1, -1, -1]",NaN,NaN,NaN
new updates drain my battery like crazy now 100 to 50 in 4 hours and im not even actively using my phone during that time aside from the saved password popping up correctly now literally none of the changes have been helpful,"[-1, -1, -1]",NaN,NaN,NaN
latest update started consuming over 80 battery had to uninstall to even charge the phone 6 months later its still a battery hog lame,"[-1, -1, -1]",NaN,NaN,NaN
i am unable to shut off the camera and voice or sound and it keeps draining my battery,"[-1, -1, -1]",NaN,NaN,NaN
the last update is really nice but i noticed an increased battery power consumption also the youtube videos dont scale well with the screen on my redmi note 7 and its important because i use youtube on firefox to avoid watching ads for everything else is doing well update youtube dont resize well the screen on fullscreen so part of the video is unseen mostly subtitles please fix the issue i dont use youtube app because the insane amount of ads,"[-1, -1, -1]",NaN,NaN,NaN
eats so much battery and data compared to other browsers  its fast tho,"[-1, -1, -1]",NaN,NaN,NaN
firefox app used to be great recently it has gone downhill fast ive noticed firefox using background data and battery despite these settings specifically being turned off for it i force stop the app to prevent this and it just turns itself on some time later time to chose an alternative browser that doesnt have ulterior motives,"[-1, -1, -1]",NaN,NaN,NaN
ruined it they totally ruined the fact that firefox for android used to be a very low power consuming browser among the others from the store and now turned this into a battery draining one speed has significantly improved but  undo closed tab notice appears at a very inconvenient place while using the screen horizontally  tabs placements now cannot be reorganized in the drawer like it was always possible in the previous versions by simply dragging them around way to go mozilla ,"[0.9059992573721641, -1, -1]",fnx216373   new tabs tray gets blank for a while when the back button is pressed two times quickly or going to the androids homescreen and coming back,NaN,NaN
been a fan on ff for many years ever since the update many things have gone down the drain the layout changes are not intuitive eg toolbar is up but to add new tab the  is below history and offline site data now has less control than before really regretted clicking on the update button not withstanding the above comments now i cant even move tabs downgrading to one star what a sad turn off events,"[-1, -1, -1]",NaN,NaN,NaN
new  the downloads are always stuck and not charging the bar remains gray forever on other navigators it works im on miui 1105 it works when i long press the download url and choose  download link but its kind of annoying,"[-1, -1, -1]",NaN,NaN,NaN
used to be an excellent browser has been my goto android browser app for the longest time lately it seems everytime i launch the app my phone alerts me for the app creating abnormal battery drain i end up killing the app process going to applications  storage and cache  clearing storage mozilla please fix this app,"[-1, -1, -1]",NaN,NaN,NaN
browsing is generally good but performance is lacking also consumes much more battery than chrome,"[-1, -1, -1]",NaN,NaN,NaN
25062015 characters too smal in facebook web page 03062015 fast inly for a higher hardware performance25042014 unfortunately after 1 month of use it is still hungry consume a lot of cpu power thus decrease battery life 22032014 aprs installation je voit une grande amlioration depuis la premire vue mais jattends  lutiliser dabord avant de donner mon avis final,"[-1, -1, -1]",NaN,NaN,NaN
firefox used to be a simply great browser now it is not they keep adding bells and whistles that slow it down and make it burn battery life,"[-1, -1, -1]",NaN,NaN,NaN
2 windows of firefox opens simultaneously when i open the browser on my oneplus 8t this consumes more ram  battery please fix this issue,"[-1, -1, -1]",NaN,NaN,NaN
was the best now just awful latest upgrade terrible leaves tabs open eats up battery seems like a useless beta version not ready for launch looks like going to have to use chrome come on mozilla get this mess sorted,"[-1, -1, -1]",NaN,NaN,NaN
not private not acceptable even though all privacy and security settings are set to the most restricted level and i use qwant as search engine im still targeted with ads in other apos that are clearly and directly related to my previous searches in the firefox browser in addition this app runs in the background and uses ca 3 of battery per hour even though background activity is disabled,"[0.9047417870750804, 0.8986858466850277, 0.8952055894364815]", after pressing on accept the risk and continue in the notification secure connection failed firefox for android marks untrusted by any reason https site connection as secure bugzilla 1714582, when accessing fenix search from the widget system back or swipe back should go to the android homescreen,fnx215319   search widget open private mode tabs if browser is in pbm
firefoxs latest update has shattered the app for normal usage links to the most popular site links twitter google etx no longer work the preview for browser tabs has been replaced with an unreadable slot interface and everything defaults to starting a new tab when you come back to the app resulting in multiple tabs sapping processing power this update has forced me to stop using firefox on my phone for the first time since investing in a smartphone its a real shame,"[0.8938172908985041, 0.8918493826421539, 0.8908323851012434]", lost tabs after firefox is not responding wait or close app was displayed after restarting the app, this app wasnt found in the list of installed apps toast when fenix settings  notifications clicked, inconsistent recent app view when having private tabs tray opened
looking more like a good browser still missing home screen still missing broader add on support i am also noticing hefty battery drain due to firefox13 since last full charge12 hours its better hopefully keeps getting better,"[-1, -1, -1]",NaN,NaN,NaN
much buggier than the previous version background power draw it drains my battery like mad tabs that just refuse to do anything youll need to restart the app tabs that randomly refresh just after you spend 5 minutes on editing a comment very agressive tab unloading from memory it just keeps a few tabs in memory on my 4gb phone previous verion could easily have 10 open i feel were back to the buggy browsers of the year 2003 alpha software not production ready,"[-1, -1, -1]",NaN,NaN,NaN
i have been a user of firefox for the past 10 plus years and never thought to use another browser as the functionality was excellent new version eats battery crashes three or four times daily fails to load many sites hangs at 25 load bar doesnt auto fill my saved usernames and passwords saved against my account unless i search for them and load from the menu dropdown etc i have now reluctantly switched to chrome please fix or give us back the previous version before firefox daylight,"[0.8968055159290702, 0.890591862947188, -1]", when signedin and accessing the accountsfirefoxcom page from history the page loads indefinitely,in the new firefoxbetaversion the softkeys on my tablet cannot be used  are not  displayed,NaN
longtime user of firefox but this latest update really is awful huge battery and data drains addons only half work and suspicious activity while the app was supposed to be off there was a time when i thought firefox could have really competed with chrome but it seems greed and short sightedness got in the way i can no longer recommended firefox to friends or family,"[-1, -1, -1]",NaN,NaN,NaN
i use the pc version for more than 10 years i think but recently the pc version is a pain to use the most memory hungry programme in windows and the plugin container always crashes but in android it is far better only thing i miss that the cache clear option and tracking deactivation option update 30092010 after the latest update whenever i connect to internet in my moto g4 plus the system is showing that firefox is using battery without opening it why is that,"[-1, -1, -1]",NaN,NaN,NaN
my phone says this is draining my battery it also doesnt support last pass,"[-1, -1, -1]",NaN,NaN,NaN
recently updated it to a new and improved version it no longer supports an addon that i do not browse without and the application is a huge drain on my battery,"[-1, -1, -1]",NaN,NaN,NaN
need more feature and addon extention use more battery than usual browsers,"[-1, -1, -1]",NaN,NaN,NaN
ever since the new update the app keeps running in the background wasting battery even though i keep putting it to sleep,"[-1, -1, -1]",NaN,NaN,NaN
extremely high battery drain on my device there are multiple people on forums everywhere complaining about this i tried reinstalling but that was a waste of time and lost all my ff data because sync didnt really synchronize my data back to finding another browser ffs to addtheyve removed all but a handful of addons useless browser now,"[-1, -1, -1]",NaN,NaN,NaN
it seems to drain the battery much faster than other browser,"[-1, -1, -1]",NaN,NaN,NaN
i use this browser because it allows me to reorder my tabs manually which is a lifesaver but firefox drains my battery like crazy,"[-1, -1, -1]",NaN,NaN,NaN
past 3 or 4 days my firefox app is draining battery at a crazy rate even after ive closed the app  10 in 3045 minutes force stopping firefox brings battery drain to normal until the next time i launch it i dont want to uninstall it because its the one i use across platforms but having to manually force stop everytime im done with the browser not an option either and the interface frankly sucks,"[-1, -1, -1]",NaN,NaN,NaN
total trash i completely agree with pretty much every 1 star rating that has been written over the last couple weeks now my phone keeps warning me that firefox is using battery i cant stop it force stop clear cache restart phonenothing works only option is to uninstall,"[-1, -1, -1]",NaN,NaN,NaN
well there are a lot of reviews saying what i want to say so let me tell what the app does which it shouldnt app nowadays seems to crash a little more frequentlyusually when on the same website for a long time if i leave my app open without using it in the background after some time my phone recommends me to force stop as it drains more battery than required i browse in incognito mode if you need to know and if you can please release a new app which consists the old version,"[-1, -1, -1]",NaN,NaN,NaN
this is not an improvement with all permissions turned off set for no background data no background battery use within an hour and a half it used 34 of my battery,"[-1, -1, -1]",NaN,NaN,NaN
you have to keep the app open in the background now if you dont want it to automatically default to the mozilla homepage every time you open it even though mozilla boasts about tracking protection etc i often get firefox is using battery notifications if i dont completely close it unimpressed with this update considering changing browsers if its not fixed,"[0.9052167739756403, 0.9036588718878384, 0.9001688567470832]", this app wasnt found in the list of installed apps toast when fenix settings  notifications clicked,when pressing the firefox preview icon on the homescreen a different app opens , when accessing fenix search from the widget system back or swipe back should go to the android homescreen
the most important drawback of the update is that the newest update is draining my battery i also cant get used to the new tab system and am not a huge fan of the home screen but the battery issues may cause me to stop using altogether edit dropping review from 3 stars to 2 the load times are also significantly worse,"[-1, -1, -1]",NaN,NaN,NaN
new update is totally broken many sites i use daily mostly simple image boards and forums are completely failing to load content app is slow and crashes frequently address bar at the bottom is good in theory but if i have to tap 6 differ things to open a new tab instead of 2 thats a problem deleted half of my favorite sites from the home tab and replaced them with google and other generics that i havent used in years it also uses way more battery and causes my phone to get very hot,"[-1, -1, -1]",NaN,NaN,NaN
the update is a great advert for browsers from huge corporations that suck up our data opens additional tabs whenever its opened hangs and seems much slower i also now get warnings about high battery usage,"[-1, -1, -1]",NaN,NaN,NaN
the new update has removed most characteristic and likable features of firefox long time an example of customizability and power this browser became so overstyled and streamlined that it falls in no category of usability anymore how can you do this drastic change on a simple update from which the people can not roll back,"[0.9105943381421707, -1, -1]", firefox update completely ruined the usability of the browser  i might as well uninstall it as fight with it,NaN,NaN
i have been using firefox desktop and android for my business and personal use for years but i am very disappointed in the latest update to firefox android it eats battery power and requires extra steps to get where i want to go i am actually looking for other options,"[-1, -1, -1]",NaN,NaN,NaN
new version is mess customization is poor some settings seem missing very radical change and feel even with the new energy saver mode it seems to burn through the battery almost twice as fast since it was the only upgrade done it seems pretty bad very disappointing upgrade,"[-1, -1, -1]",NaN,NaN,NaN
the latest update is slow it seems to burn my battery down quickly it holds all my history in tabs it doesnt clear my history like i had settings for in the previous version hate it if i can find a way to revert back to the previous version i will,"[-1, -1, -1]",NaN,NaN,NaN
very bad and slow is going on using my phoen battery,"[-1, -1, -1]",NaN,NaN,NaN
android version unfortunately still terrible after first fix to v80 very awkward access to bookmarks worse even in incognito the incognito start screen improves nothing and requires more clicks and motion for everything switching to just opened tab frequently requires scrolling despite performance claims loading sites is painfully slow serious lags in particular on mediajsheavy sites dialogues on sites frequently unclickable or jumping around battery usage is through the roof,"[0.891013507209884, -1, -1]", in latest version of firefox nightly address bar is raised a little bit resulting bottom chin while viewing webpages,NaN,NaN
this is a great browser with good ergonomics unfortunately there are some issues the first issue is that sometimes after resuming the browser a page doesnt load the only way to overcome this is to copy an url and follow it the second issue is a glitch line at the bottom of a page where an unsuitable part of a page is displayed it doesnt depend on the browser bar location the third issue is the battery drain even in the background when the browser hasnt been used for a long time,"[0.9083293773024725, -1, -1]", bottom urlnavigation bar obscures bottom of page content on a short website where there is no scrolling the hidden content cannot be viewed as there is no way to scroll to hide the url bar,NaN,NaN
awful after the latest update unstable on older hardware tabs structure makes no sense and gets even the basics wrong  which tab is what and which tab is open always opens up a new tab on launch  why websites render weirdly and apparently its a resource hog that drains my battery in the background come on mozilla you can do better,"[0.8915775782521221, -1, -1]", sharing a tab to a clean profile fenix build doesnt display the tab after tapping the tab counter,NaN,NaN
18 years with firefox this new upgrade sucks cuts off all podcasts in one to two minutes if you dont keep the window open like your watching a video burns up battery power throws all your bookmarks out of order i never liked the way firefox bookmarked any ways you had to start with a clean slate and enter them in the order you wanted them had about a hundred no option to alphabetize or move them the way one wants them like i said liked it before the newest update bye bye firefox,"[-1, -1, -1]",NaN,NaN,NaN
mozillas failure as a company has rendered this once great mobile browser into unusable trash the massive hemorrhaging of battery life has forced me back to chrome so sad,"[-1, -1, -1]",NaN,NaN,NaN
the new update removed what made firefox on android special compared to chrome firefox will always be an inferior browsing experience and the removal of desktop add on support and the other customization options took away my final reasons to use firefox without what made firefox the special browser that it was why should i use it its slower uses more battery and has inferior rendering to googles product its a shame mozilla leadership wont suffer for their incompetent direction,"[0.9092729391926623, 0.8958147007896008, -1]",in the new firefoxbetaversion the softkeys on my tablet cannot be used  are not  displayed, sharing a collection from one firefox on android to another only shares the 1st tab,NaN
the updated firefox looks terrible and functions worse than chrome drains my battery quickly too i get that mozilla needs money but why are they going about it the way google did with subtely gathering peoples information through offering a streamlined experience efficiency in the tech world is code for users being the product usually bottom bar thing is asinine at best and more an amateurish attempt to be new with this update revert back or come out and say that alphabet inc or whatever company operates the google umbrella is forcing parameters in order to be available on the play store,"[-1, -1, -1]",NaN,NaN,NaN
since new update its killing my battery 10 usage running in the background,"[-1, -1, -1]",NaN,NaN,NaN
junk ruined a good thing no longer opens to the page you were on instead this new tab garbage ui nothing wrong with the old one stoprefresh now hidden away automatically landscapes videos where you used to have the option for fullscreen portrait why change these features for no reason at least give us the option to add them back or actual customization like the desktop app also takes forever to load randomly and seems to consume way too much battery running in the background,"[-1, -1, -1]",NaN,NaN,NaN
if it aint broke then put the teaboy in charge mozilla seem to be heading the same way as google just doing whatever they want and only listening to the fanboys who are literally creaming over the bottom bar that everyone else hates the way to make an app less of a battery drain is to make it more efficient not recreating the ui to distract from the fact much of the functionality has disappeared,"[-1, -1, -1]",NaN,NaN,NaN
i have used firefox for many years in my pc but this android version is very bad it is draining my battery fast after update also i dont like the address bar that is now at the bottom also the private tab has moved to some place else,"[-1, -1, -1]",NaN,NaN,NaN
was great up until the last update which made the ui awful it covers the time and battery bar at the top and is very slow,"[-1, -1, -1]",NaN,NaN,NaN
its a battery eater and crashing on every opening tab nothing change to improve performance,"[-1, -1, -1]",NaN,NaN,NaN
still high battery usage on latest ff when viewing google colab the battery usage is significantly higher monitored using battery charging monitor even if i close the page google colab the battery usage stuck at higher level i had to force stop firefox to fix this please look into this issue why does it spike to high battery usage when viewing google colab your service suck you never reply reviews and emails,"[-1, -1, -1]",NaN,NaN,NaN
dark mode is great but the loading screen  the blank screen while loading a web page are fully white a nice eyestraining blinding oversight that makes dark mode only helpful to the battery,"[-1, -1, -1]",NaN,NaN,NaN
before this was the best now crashes often only few addons are enabled no media controls on videos drains battery and the quick navigate thing is now gone in new tabs downgrade ,"[0.8933885970979707, -1, -1]", add new tab plus button is impossible to see in private mode when using light theme and accessibility settings ex talkback is on,NaN,NaN
years this was my favorite browser no longer this is hot garbage now the new update doesnt load tabs in the background anymore which means data stops if i turn off the screen to continue browsing later everyone knows the screen illumination eats battery life the most so this feature is counter productive especially for users who have unlimited data and there is no work around it time to switch my default browser after all this time,"[-1, -1, -1]",NaN,NaN,NaN
this new version of firefox needs fixing pages are not being rendered consistently if you temporarily open another app then return to firefox the page you were on does not show sometimes even a refresh or pressing the address bar to reenter the page doesnt work even the memory management of private tabs is not good i charged my phone which was not off then once fully charged my tabs were gone,"[0.9148435780573754, 0.891924227818432, -1]", synced tabs displayed when pull to refresh if the page wasnt closed  open tabs disabled in account settings, lost tabs after firefox is not responding wait or close app was displayed after restarting the app,NaN
each update only to make worst now drains my battery in less than 1 hour absolutely garbage useless,"[-1, -1, -1]",NaN,NaN,NaN
i would give it to 5 stars if it wont drained my battery like a waterfall,"[-1, -1, -1]",NaN,NaN,NaN
best browser as it has extension support but it has insane battery usage like 3040 usage on my phone,"[-1, -1, -1]",NaN,NaN,NaN
heats up and kills battery within an hour of full charge,"[-1, -1, -1]",NaN,NaN,NaN
draining battery for reasons unknown unable to reduce the power consumption,"[-1, -1, -1]",NaN,NaN,NaN
i switched away from firefox 5 years ago because while it was decently quick it crashed constantly and was a memory suck i came back and after 2 days of use i can tell you its a different experience the browser still sucks your memory and drains your battery and the tabs still crash constantly bit now the browser absolutely crawls this browser operates like abandonware and its baffling to know that people still work at mozilla and are like doing work every day its just trash,"[-1, -1, -1]",NaN,NaN,NaN
was great but now draining battery by using 25 cpu when sitting in background,"[-1, -1, -1]",NaN,NaN,NaN
it drains the battery since the last update i have to charge my phone twice a day when i used to charge it once every day an half,"[-1, -1, -1]",NaN,NaN,NaN
much slower than the competing browsers does not leave me in the desired position on the webpage but throws me automatically on a random place also it gobbles cpu time battery and available memory uninstalled,"[-1, -1, -1]",NaN,NaN,NaN
very good app it will drain your battery with a lot of tabs open but thats on the end user i like that you can access ftp servers with it too well deserving of 4 stars but not quite 5,"[-1, -1, -1]",NaN,NaN,NaN
latest updates make this a battery eating machine will give 5 stars when battery usage goes back to reasonable,"[-1, -1, -1]",NaN,NaN,NaN
caused battery drain firefox on pc is a lot better,"[-1, -1, -1]",NaN,NaN,NaN
i like how firefox is very secure however when i installed it on my new phone the battery started to drain a lot faster at first i thought i had a virus but my security scan found nothing i uninstalled firefox and my battery is lasting now i dont know what happened but it needs to have better battery optimization,"[-1, -1, -1]",NaN,NaN,NaN
disgusting it drains battery faster than other browsers and i recommend not to use,"[-1, -1, -1]",NaN,NaN,NaN
i was a huge firefox fan until i found out the browser was draining my battery had to uninstall please fix in future updates,"[-1, -1, -1]",NaN,NaN,NaN
firefox is getting power hungry now days is it possible to make it less battery consuming uninstalled change back to chrome and walah now my phone battery can last for years,"[-1, -1, -1]",NaN,NaN,NaN
great app but every time i download something even once its finished i have a persistant notification saying its still downloading stuck on a high number like 87 or 99 ive noticed increased battery drain while this occurs too to stop it i either need to forceclose the app in settings or restart my whole phone please fix,"[-1, -1, -1]",NaN,NaN,NaN
i am absolutely happy with this web browser i have been using it for a long time on both my laptop and android phone the only thing its not an issue or complain though that i have noticed is that is consumes more power batteryenergy on my phone and data i just want to thank the developers for their colossal improvements over the years keep doing the good work,"[-1, -1, -1]",NaN,NaN,NaN
good application unfortunately the letdown is i get notified of the battery usage on it  had to go,"[-1, -1, -1]",NaN,NaN,NaN
drains the battery like nothing else video playback crashes frequently hangs requiring force stop too often its not really usable if you want to keep your sanity,"[-1, -1, -1]",NaN,NaN,NaN
would be better if it didnt make me phone over heat or drain my battery,"[-1, -1, -1]",NaN,NaN,NaN
been happy with app for ages now it is raping the battery app info says 8 but battery usage setting is 37  more than the screen uninstalling now,"[-1, -1, -1]",NaN,NaN,NaN
battery hog i want to love firefox for the mission and nongoogleness of it but it destroys my battery background battery usage is insanely high have closed tabs told phone to put it to sleep in background and it still eats up 35 of battery overnight when phone is idle and im asleep,"[-1, -1, -1]",NaN,NaN,NaN
update ok ive been using this browser on and off for about 4 years i was really enjoying it but ever since the more recent updates it has gotten slower and it seems like it has taken steps backwards to the point where it has become almost unusable cant wait till the redesign comes out i like it but it keeps uninstalling after reboot when i do a system update and phone restarts i have to reinstall firefox when battery dies and i recharge and turn phone on i have to reinstall,"[-1, -1, -1]",NaN,NaN,NaN
battery drains fast when playing videos in the background as opposed to other browsers,"[-1, -1, -1]",NaN,NaN,NaN
pretty great having firefox on my phone but it seems that for some reason its always on in background and therefore drains my battery galaxy s5,"[-1, -1, -1]",NaN,NaN,NaN
this app drain battery more than other browser a lot and my cell phone is getting hot after 10mins using other browser like dolphin is much better,"[-1, -1, -1]",NaN,NaN,NaN
battery hog good browser but it uses way too much battery and memory it actually overloaded my cellphone and i had to uninstall it,"[-1, -1, -1]",NaN,NaN,NaN
nice but it kills my phone battery if application not closed it sucks 70 of the phone battery in a couple of hours of my galaxy s9 it must be a bug but no new version released yet,"[-1, -1, -1]",NaN,NaN,NaN
it used to be my default browser but since the last update it drains my battery 2146 of my daily usage and i havent opened it today rubbish,"[-1, -1, -1]",NaN,NaN,NaN
191 mb on my phone drains as much battery as a phone made in the early 2000s,"[-1, -1, -1]",NaN,NaN,NaN
used over 1gb of storage constantly runs my battery dead there are better mobile browsers,"[-1, -1, -1]",NaN,NaN,NaN
i l liked it but unfortunately it drains the battery in background disinstalled,"[-1, -1, -1]",NaN,NaN,NaN
i use firefox on my pc and i prefer its mobile version to chromes better layout reader view noticeably less ad targeting etc but unfortunately this app is totally unusable for me because it drains my phones battery for some reason this happened on 2 or 3 different devices in multiple attempts over the course of a few years i install and use the app my battery starts going down fast i go look for the culprit and firefox has an unreasonably high  of battery usage a fatal flaw,"[-1, -1, -1]",NaN,NaN,NaN
very slow and full of annoying notifications when i run it even after exiting it drains the battery of my phone making it really hot until i reboot the phone then it has the hide to pop up messages telling me to use firefox to reduce my carbon footprint i think ill uninstall it and go back to chrome as i can actually browse a web page with that and not have to dismiss so many pointless notifications that insult me and waste my time,"[-1, -1, -1]",NaN,NaN,NaN
battery consumption very high  i think its double to my previous samsung browser,"[-1, -1, -1]",NaN,NaN,NaN
works great but crippling battery drain on galaxy s8 other well known browsers work better,"[-1, -1, -1]",NaN,NaN,NaN
excessive battery drain when im not using my phone even with sleep options enabled,"[-1, -1, -1]",NaN,NaN,NaN
im not sure if it really drains much of my battery life quickly or just a bug on the battery api but all in all its a good browser thank you,"[-1, -1, -1]",NaN,NaN,NaN
this works well enough but a lot of pages arent formatted correctly and i have to open them in chrome the worst part and why im uninstalling is that it absolutely kills my phone battery it uses about 3x as much battery as chrome,"[-1, -1, -1]",NaN,NaN,NaN
such a power hog sucked up my battery within a few hours,"[-1, -1, -1]",NaN,NaN,NaN
i love this browser but it drains my battery i am forever getting notifications about putting it to sleep because it is using too much power i may have to stop using it for that reason,"[-1, -1, -1]",NaN,NaN,NaN
this app has vastly improved over the years but still uses illogical amounts of battery reading just one short article from my email could eat 10 of my battery life within less than 5 minutes,"[-1, -1, -1]",NaN,NaN,NaN
seems theyve finally fixed the hanging issue with the quit option getting stuck trying to clear private info it clears it almost instantly  closes the app thank you so much  now i wish it would actually kill the process properly instead of leaving it running in the background taking up megabytes of ramwhich translates to eating battery life unnecessarily,"[-1, -1, -1]",NaN,NaN,NaN
good browser however it drains my phones battery while running in the background would rate 5 stars if the browser wasnt so inefficient,"[-1, -1, -1]",NaN,NaN,NaN
wildly fast huh takes like 5 minutes to load even with good wifi this is clearly not designed for android and no effort was put into this app to optimize it for these systems also it drains the battery like crazy,"[-1, -1, -1]",NaN,NaN,NaN
this was my favorite browser until your latest updates random crashes slow response high battery usage in addition it keeps freezing when watching live streams which dont have problems on chrome though and i rather not go back to chrome so fix it pleasesamsung galaxy tab s3 smt825,"[-1, -1, -1]",NaN,NaN,NaN
everything is great but when watching movie on the browser it eats too much battery can you optimize this pls ill give you 5 stars if you do,"[-1, -1, -1]",NaN,NaN,NaN
love mozilla and firefox but the android version murders my phone battery life,"[-1, -1, -1]",NaN,NaN,NaN
firefox for pc is the best browser out there but somehow on andriod it becomes terrible uses to much cpu and ram and gives worst battery back up,"[-1, -1, -1]",NaN,NaN,NaN
had to uninstall twice in the past week my phone has run out of battery in the middle of the day firefox is always the top battery user at over 25 and i dont use it much,"[-1, -1, -1]",NaN,NaN,NaN
ridiculous amount of battery drain 30 in a matter of 2 hours when phone was at idle with the screen off i tried giving you guys another chance oh well,"[-1, -1, -1]",NaN,NaN,NaN
extention support is good but battery drain is a major issue please solve tihs,"[-1, -1, -1]",NaN,NaN,NaN
hopefully not tracking so much as google chrome but crashes constantly eats battery a lot even if set as default browser some apps still use chrome or embedded android browser to open links,"[0.8927998173469726, -1, -1]", open in app opens the chrome browser if pocket onboarding is not doneskipped,NaN,NaN
long time firefox user but seeing more and more issues with pages not loading properly switch to chrome and they load fine even worse though last few updates are causing significant battery drain like you mozilla but need to get issues fixed asap,"[-1, -1, -1]",NaN,NaN,NaN
doesnt feel quite right but the reason i uninstalled it is the battery drain,"[-1, -1, -1]",NaN,NaN,NaN
i used firefox browser on my phone for a while its great to usehowever ive experienced major battery problems in my settings is using more than 40 of battery power to than any other apps on my phone,"[-1, -1, -1]",NaN,NaN,NaN
poor notworking for most website compatability issue consume more power,"[-1, -1, -1]",NaN,NaN,NaN
got this app as chrome kept redirecting me to an unsafe website which i couldnt stop great app apart from drains battery faster,"[-1, -1, -1]",NaN,NaN,NaN
huge battery drain on 1st gen pixel had to remove,"[-1, -1, -1]",NaN,NaN,NaN
hmm well i swapped to this from chrome because this is clearer and easier to change the security and privacy settings which are better no doubt the trouble is this browser seriously drains my tablet battery and it doesnt load certain website pages well giving me black squares amazon is the worst i shall stay with firefox for a while longer then try another if it doesnt improve,"[-1, -1, -1]",NaN,NaN,NaN
overall firefox is fantastic sadly it uses a pretty substantial amount of battery on my phone oneplus 6t even days where i barely touched my phone firefox was number one in battery use and on those days i had podcasts playing for hours and that app was number two in the list so odd sadly i had to uninstall because of the battery drain issue,"[-1, -1, -1]",NaN,NaN,NaN
more cpu and battery intensive but more versatile than chrome still i appreciate that it renders pages equally as well as a desktop browser when i tap request desktop site to be fair im using it for tasks that even i7 desktops find demanding such as multiple amazon tabs the availability of plugins such as bitwarden and ublock origin is invaluable samsung galaxy s7 ps like open in new tab shows a switch to tab briefly in the corner dislike save as is missing,"[0.8934458198734083, 0.892969107316716, 0.8920936246707134]", desktop site toggle in custom tab is really close to the desktop site text, open in app opens the chrome browser if pocket onboarding is not doneskipped, when accessing fenix search from the widget system back or swipe back should go to the android homescreen
addons are a big advantage but the performance is bad eating much battery and that even on a samsung galaxy s7 edge,"[-1, -1, -1]",NaN,NaN,NaN
data stealing wont close runs in background stealling using power,"[-1, -1, -1]",NaN,NaN,NaN
the last update added bloatware and push notifications to tell you about the additional features draining your battery no one asked for,"[-1, -1, -1]",NaN,NaN,NaN
i thought it is a good idea to switch from chrome to   but sadly mobile firefox condumes more power and its comparatively slow to chrome now even in pc its slower than chrome thanks devs for letting our faith down on you ,"[-1, -1, -1]",NaN,NaN,NaN
it consumes a lot of battery and dataplz dont install i am giving one star the app deserves zero star,"[-1, -1, -1]",NaN,NaN,NaN
slow and wastes battery i use firefox on my desktop but on mobile its so very slow to load pages or do anything its unusable and stressful cant copy any text i highlight which is annoying due to this feature being basic on other browsers great addons and how the tabs are laid out but speed is aweful i have tried a fresh install without addons and still very slow uninstalled and using opera instead which is very fast i can live without addons because i can open pages fast properly,"[0.892192795610506, -1, -1]",when i installed too many addons the browsers sync function was invalid,NaN,NaN
so after not used firefox for awhile i decided to give it another try after using it for a few days i noticed significant battery drain compared to chrome along with that pages take 23x times longer to load and have timed out due to inactivity from browser went back to chrome and no longer have battery drain issues and pages are loading quickly again phone is an lg v35 thinq running android 8 slow speeds were on both att 5ge mobile data and on home 140mps down wifi,"[-1, -1, -1]",NaN,NaN,NaN
this browsing app has huge battery consumption which really sucks because i prefer it over chrome for many reasons but it just drains my battery too fast i have my phone plugged in and charging while using the app and my battery percentage is still going down at an alarmingly fast rate i love the app but i cant use it because it just kills my battery pretty much everything else about the app is great though,"[-1, -1, -1]",NaN,NaN,NaN
nice browser fast but its a bit of a battery hogger samsung have a feature call device core firefox according to device core uses 24 of the battery within 18 minutes samsung browser only uses 4 within the same time frame im definitely deleting this one,"[-1, -1, -1]",NaN,NaN,NaN
pretty useless on my sgs plus the device gets stuck and hot living me the one option only taking out the battery uninstalled unfortunately,"[-1, -1, -1]",NaN,NaN,NaN
ive used firefox for what 8 years or something  a long time pc i have no issues with but mozilla needs to up their game for mobile this drains my battery crashes constantly always freezing and losing my webpage switch to cm browser if you want a legitimate mobile browser,"[-1, -1, -1]",NaN,NaN,NaN
drains battery quickerloads slower than chrome but has mobile addon support that chrome lacks has had a sloppy update in the past that disabled said addons but hopefully theyve learned to test more thoroughly now before pushing updates through,"[-1, -1, -1]",NaN,NaN,NaN
one thing that needs to checked out is that the s10 is telling me firefox is a high user of battery strength,"[-1, -1, -1]",NaN,NaN,NaN
downloaded to link to my pc but its too slow and drains the phone battery excessively switching back to chrome,"[-1, -1, -1]",NaN,NaN,NaN
consuming more battery in my app list and downloading also too slow while comparing other browser,"[-1, -1, -1]",NaN,NaN,NaN
the browser has everything you need except battery usage drains battery heavily compared to other browsers out there,"[-1, -1, -1]",NaN,NaN,NaN
its a great browser but my phone constantly tells me that firefox is heavily draining my battery and i dont know why update seems like the issue has been fixed,"[-1, -1, -1]",NaN,NaN,NaN
battery drainer sometimes tabs will go blank requiring a force stop im a big firefox supporter but the droid app news some major work i like the layout however and the ability to use addons,"[0.9036022567437899, 0.8957150701311197, -1]",in the new firefoxbetaversion the softkeys on my tablet cannot be used  are not  displayed, the add to home screen button doesnt work on firefox nightly for android,NaN
firefox is a great browser for the computer but its very power hungry on the phone battery drains very fast even when not using firefox first time i installed it i noticed significant battery drain i uninstalled it and noticed the battery lasts longer reinstalled again and hardly used and battery life went down again,"[-1, -1, -1]",NaN,NaN,NaN
ive used firefox for many years on all my devices but of late this mobile version is causing issue on my phone as it will not close so runs constantly so my phone keeps complaining its draining my battery this also means it keeps the webpage last visited open so you cant go to home page i have tried reinstalling it but still the same which means i have no choice but to uninstall it to cut the battery drain its causing,"[-1, -1, -1]",NaN,NaN,NaN
this app has had a memory leak bug for four years now and no sign it will ever get fixed after running this for three days it corrupts memory necessitating a system reboot on kitkat or many apps stop working or the system grinds to a halt on current operating systems it eats battery even when quit if you dont totally kill it page renders are great though just a shame it leaves so much junk running in ram,"[-1, -1, -1]",NaN,NaN,NaN
seems to be draining power since the last 1 or 2 updates,"[-1, -1, -1]",NaN,NaN,NaN
ive been using firefox for quite a while now but with the last couple of updates it has been very slow in loading up and it seems to really kill the battery on my lg g6,"[-1, -1, -1]",NaN,NaN,NaN
this browser is great and the sync feature is also useful my only problem here is i noticed that this browser takes a lot of battery 935 of my power consumption for the last 12 hours  and i only used the app for half an hour,"[-1, -1, -1]",NaN,NaN,NaN
firefox is a good browser and im sad to say but its unusable due to the battery i have a samsung galaxy s8 and close out my apps when im done using them out of 96 of my battery used throughout a day firefox was responsible for 38 of it even though its usage time was about 18 minutes,"[0.8915894576599142, -1, -1]", sharing a collection from one firefox on android to another only shares the 1st tab,NaN,NaN
i have used firefox on multiple platforms for many years the latest android version is accessing my camera at random points and causing excessive battery drain beware of this app,"[-1, -1, -1]",NaN,NaN,NaN
works pretty bad lately it drains battery really fast when in background for example it drained 43 of my battery in last 8 hours overnight my battery app monitor says audio was on for last 8 hours,"[-1, -1, -1]",NaN,NaN,NaN
this is a disaster my battery was drained in a minutes and wont charge till i completely stop app app is great but problems with power wasting stopped me,"[-1, -1, -1]",NaN,NaN,NaN
kaspersky battery saver shows firefox is always running may be even the good guys need to monetise to survive but why not do it openly why hide,"[-1, -1, -1]",NaN,NaN,NaN
id give it 5 stars if it was lighter on system resources constantly getting the message that firefox is using an abnormal amount of resources and my battery drains so much faster with firefox compared to opera browser,"[-1, -1, -1]",NaN,NaN,NaN
this latest version 6401 is worse than the last last version started gobbling up battery and data for no clear reason this version simply wont connect or load pages four out of five times need to reboot phone each time to use it several other browsers on same phone have no issues android 810 on a samsung j327 going to be uninstalling,"[-1, -1, -1]",NaN,NaN,NaN
slower than chrome and drains battery but because of addons its much better,"[-1, -1, -1]",NaN,NaN,NaN
recently it is draining the battery when in use i have compared it to chrome using both for the same time and firefox used 21 double to chrome please fix,"[-1, -1, -1]",NaN,NaN,NaN
kept crashing ate up battery in the span of 2 hours,"[-1, -1, -1]",NaN,NaN,NaN
had to delete using 40 of battery when not in use ive used firefox for 15 years now sad to have to delete it but switching to chrome til this is addressed,"[-1, -1, -1]",NaN,NaN,NaN
i use only firefox some bugs sometimes i press the go button to browse to a website after typing a url and nothing happens until i close that tab and try with a new one today long pressing links only seems to highlight textcant open in a new tab the tab interface should have a faster way to switch sometimes android warns me that firefox is draining my battery,"[0.9149946281838228, 0.9043872138114158, 0.9015129650641113]", tapping android back button while editing a url takes me to home screen not back to page content, jump back in website icon is missing after launching to home screen or closing a tab,tapping the android back button while having as current tab a ublock link closes the tab
works great most of the time my only complaint is when android system notifies me that firefox is draining my battery even though i prevented firefox from running as a background process this setting seems to have no effect,"[-1, -1, -1]",NaN,NaN,NaN
overall nice app but battery consumed too much please fix it,"[-1, -1, -1]",NaN,NaN,NaN
recently all my saved password lost i even didnt update it but problem happened also we cant export our bookmarks switched to chrome aslo consuming a lot of battery in background,"[-1, -1, -1]",NaN,NaN,NaN
drains battery have to force close it all the time to stop draining the battery and even then in 10min it starts running in the background again draining more battery,"[-1, -1, -1]",NaN,NaN,NaN
everything is best just its draining battery a lot please fix this issue,"[-1, -1, -1]",NaN,NaN,NaN
good browser but drains battery like mad become unusable after full charge without opening firefox app it drained 15 of battery in 15mins,"[-1, -1, -1]",NaN,NaN,NaN
i have been using firefox for android nearly from the time it was introduced without problems and in the past it performed well but the last update resulted in extremely high battery drain  i usually operate in airplane mode and am able to run 45 days without a recharge  firefox now consumes 74 of battery power and battery life has plummeted 7585 even though android doesnt show it as an active app and the low battery warning sounds within 24 hours  ive manually stopped the application and disabled notifications to see if battery drain returns to normal  if it doesnt firefox will be gone for good from my device  this is something that should never ever have passed testing before deployment,"[-1, -1, -1]",NaN,NaN,NaN
always liked firefox but something has changed this browser is basically unusable for me now its unbelievably slow top that off with it heating my phone up now and ive had to go a different route,"[-1, -1, -1]",NaN,NaN,NaN
has been my go to browser on both mobile and desktop but something in a recent update has resulted in it draining my battery at a scary rate  eg today my phones been on battery for 12 hours firefox has been used for 2 mins and its 22 of battery use cant use it in its present state,"[-1, -1, -1]",NaN,NaN,NaN
i got a warning saying that firefox is using 113 of battery and needs to be stoppedput to sleep i never got such notification from chrome,"[-1, -1, -1]",NaN,NaN,NaN
a better designed mobile web browser than google chrome supports extensions and also has more useful builtin functionality than chrome except for an apparent lack of support for autofilling payment info into forms via info stored in google pay i end up switching browsers when buying online selecting text is a disaster and takes way too much time to get right in firefox also browsing in firefox always seems to deplete my battery very quickly if firefox fixed its quirks on android the negatives mentioned above mainly it would easily become my fulltime browser i wish it could be for now it isnt as my battery life and patience is precious note also that unfortunately desktop firefoxs killer new privacy  security feature containers is missing from the android version ,"[-1, -1, -1]",NaN,NaN,NaN
i love it its fast and good working the only bad thing is it take a lot of your battery,"[-1, -1, -1]",NaN,NaN,NaN
generally a good browser the only negative point for me is that it doesnt stay completely switched off even when i manually force stop it in the android apps settings given that firefox is rather large thats an issue for my small ram and also for my battery life,"[-1, -1, -1]",NaN,NaN,NaN
firefox kept my phone awake 5 hours yesterday ran the battery dead uninstalling solved the problem,"[-1, -1, -1]",NaN,NaN,NaN
"its a best browser i have used ever their is no doubt about that even 
though am also facing some issues like while streaming videos online my 
device is heating up rapidly and also system pops a message that firefox 
browser is draining battery i hope u gays can fix","[-1, -1, -1]",NaN,NaN,NaN
"keeps playing videos even after ive changed screens and wont stop unless 
i shut down firefox also using a lot of battery power lately","[-1, -1, -1]",NaN,NaN,NaN
"i really like firefox but anytime i use this app my phone crashes 
overnight and my battery doesnt charge ive seen it at 100 and then less 
than an hour later it shuts off and the battery is at 32 id end up late 
to work because my alarm wouldnt go off because of it it was driving me 
crazy i didnt know what was causing it until i realized it was this app 
now that ive deleted it it hasnt happened since","[-1, -1, -1]",NaN,NaN,NaN
"id like to give a better review i use firefox at home and love it 
however this app crashes all the time even when im using other apps it 
runs in the background and i get a popup that it has crashed it drains my 
battery in the background pretty severely and stops spotify while im 
browsing not sure what thats about also it loads even simple websites 
very slowly so its really not worth the headache right now running s8 
with nova homescreen","[-1, -1, -1]",NaN,NaN,NaN
"would give 25 but cant do half stars battery drain usage is sporadic 
between versions and little care is given to preserving the user experience","[-1, -1, -1]",NaN,NaN,NaN
drained 60 of my battery in an hour in background,"[-1, -1, -1]",NaN,NaN,NaN
"no way to import bookmarks from chrome thats dumb and ui is just not 
great small page and active buttons difficult to press doesnt recognise 
torrent files for downloading in utorrent lotsa little thingsand is now 
a resource hog and battery drain","[0.8946053983905762, 0.8933173951719399, -1]", clicking back on sentry socorro links opened from aboutcrashes closes the browser,fnx215724   pages with embedded content sometimes scroll toolbar sometimes doesnt like github,NaN
"other than some layout differences some website rendered the desktop 
version instead of the mobile version some layout doesnt render quite 
right on some web site and feels just a tad sluggish compare to mobile 
chrome all is good i also noticed when using this browser it seems to 
use up more system resources ie cpu running a bit warmer use a bit 
more battery power than chrome","[-1, -1, -1]",NaN,NaN,NaN
"somehow it seems to be constantly draining battery i am not sure the 
reason for this but whenever i use firefox there is a massive battery 
drain","[-1, -1, -1]",NaN,NaN,NaN
"the last few updates have definitely increased battery drain i almost 
always get a warning on my phone no tabs opened either","[-1, -1, -1]",NaN,NaN,NaN
"32917 19 battery usage with just a few tabs open phone becomes hot 
during use gonna get cancer of the fingers from the extra radiation i 
guess firefox is an apt name maybe this app caused samsungs to catch 
fire  older versions made browsing erratic jumps from small to large 
font and back again unusable will have to uninstall  try another browser 
going forward","[-1, -1, -1]",NaN,NaN,NaN
"slower than chrome but has adblocking capabilities drains your battery in 
30 mins i went from 90 to 30 it still collects data from you for crash 
reports so you can forget about privacy aspect the only you would need 
it is for adblocking","[-1, -1, -1]",NaN,NaN,NaN
"too much power hog crashes often due to poor ram management the only 
reason i use it in my phone is to sync bookmarks with my desktop","[-1, -1, -1]",NaN,NaN,NaN
"this app works very very well but it absolutely destroys your battery 
life i had an ad blocker with it as an extension so i can only assume that 
didnt help but my battery went from all day to 3 hours and now after 
uninstalling it its not dying anymore","[-1, -1, -1]",NaN,NaN,NaN
"soooo this browser i was pretty excited to download it since i have it 
on my pc but there was a problem or two battery life  cpu usage only 
very effective when watching videos of 30 seconds or more this post was 
made in 2017 of july and up to this point in time im still 
experiencing that problem","[-1, -1, -1]",NaN,NaN,NaN
"latest updates has started to use more battery would run my phone down 
within 8 hours running dolphin browser now and tripled my battery life 
fix that and ill come back to ff","[-1, -1, -1]",NaN,NaN,NaN
"overall very good but giving it a 1 star due to battery drain there is no 
point having a mobile browser which i have to manage individually due to 
its battery draining this is a known issue","[-1, -1, -1]",NaN,NaN,NaN
a few days ago my battery was depleting faster than usual once i deleted firefox it proved that the app has been eating away my battery even though i closed it in the background i dont know why this is happening but until this problem is fixded im reluctant to reinstall,"[-1, -1, -1]",NaN,NaN,NaN
unfortunately its unresponsive battery drainer quite outdated design i cant imagine how it came to have 44 rating,"[-1, -1, -1]",NaN,NaN,NaN
latest version chewing the battery 50 percent drain in 4 hrs when not even using it stats show its by far the biggest battery hog was updated yesterday,"[-1, -1, -1]",NaN,NaN,NaN
this latest version is killing my battery battery monitor shows 15 drain for 2 minutes of use,"[-1, -1, -1]",NaN,NaN,NaN
for a low end phone 1 gb ram this app is very heavy on resources its slow and uses a lot of battery  if it was not for the add on s i wouldnt use it on android at all why doesnt mozilla spend some time on reducing the memory footprint,"[-1, -1, -1]",NaN,NaN,NaN
i only use this because chrome mobile doesnt have addons lately firefox has been absolutely guzzling my battery using many times more battery than any other app on my phone even when im not using it at all hope this gets fixed soon or ill have to uninstall it,"[-1, -1, -1]",NaN,NaN,NaN
the new feature form mozilla to firefox is attractivebut it kills battery power more than others,"[-1, -1, -1]",NaN,NaN,NaN
once opened and post closing i find the battery tanks heavily even while attempting to charge  is that the app or things hiding in it,"[-1, -1, -1]",NaN,NaN,NaN
the install size could be smaller and it sucks more battery than chrome  good browser though,"[-1, -1, -1]",NaN,NaN,NaN
keeps restarting and running in the background using battery  up,"[-1, -1, -1]",NaN,NaN,NaN
froze lagged pretty much destroyed my phone  wouldnt let me click drained battery and reallyjust pissed me off,"[-1, -1, -1]",NaN,NaN,NaN
this browser caused performance problems with my lg v20 like freezing lagging and battery drain  had to uninstall,"[-1, -1, -1]",NaN,NaN,NaN
this once awesome browser has become incredibly slow and energy draining and now i discover that i cant even select and copy text within a hyperlink i know this seems like a trivial gripe but its the little things that make or break our enjoyment of critically important frequently used apps,"[-1, -1, -1]",NaN,NaN,NaN
just like always i download firefox mobile all excited about it it isnt chrome its awesome i use it faithfully for a few weeks and then the rot sets in it slows down dramatically it crashes randomly it wont load pages anymore just black it uses battery like the last one was made and none of them can be charged anymore i really get discouraged with this browser it could be great it isnt even good enough for meh right now,"[-1, -1, -1]",NaN,NaN,NaN
firefox is suddenly massively draining my battery the last i checked it used 96 even though i had hardly used it at all ive liked using firefox as my main browser but if this continues ill have to delete,"[-1, -1, -1]",NaN,NaN,NaN
consumes too much battery lifeeven when in backgroundneed some work done on this problem,"[-1, -1, -1]",NaN,NaN,NaN
not a good android browser  firefox quantum may be great in the pc but on android it drains battery like crazy,"[-1, -1, -1]",NaN,NaN,NaN
my preferred mobile browser however  im getting constant warnings from android oreo that firefox is draining my battery,"[-1, -1, -1]",NaN,NaN,NaN
i have switched to firefox as my go to browser on pc but this app just absolutely killed my phone battery if they fix the massive battery drain id give it a 5 star rating,"[-1, -1, -1]",NaN,NaN,NaN
the latest update sucks the interface is ugly and it chews up my battery like no tomorrow i dont want my android to look like an iphone if i wanted that i would buy a damned iphone,"[-1, -1, -1]",NaN,NaN,NaN
why does this app keep running in the background even when youre not using it unnecessary battery drain uninstalled,"[-1, -1, -1]",NaN,NaN,NaN
i used to prefer firefox on my android before the last updates since then its been the cause of extremely severe battery drain my phone would go from full charge to nearly dead within 4 hours of complete nonuse which happened repeatedly with two different batteries aside from being aesthetically awful compared to the previous version its slower than chrome this version is a complete failure dont waste your time downloading it,"[-1, -1, -1]",NaN,NaN,NaN
good browser but what a drain on battery light to moderate use was responsible for a full 30 of my battery life during a normal day in my pixel back to chrome i go i guess,"[-1, -1, -1]",NaN,NaN,NaN
very good browser that is safe and fast but only downside is that it consumes lot of memory and battery firefox need to improve in that area,"[-1, -1, -1]",NaN,NaN,NaN
crashes battery drain unauthorized background activity report made by phone company,"[-1, -1, -1]",NaN,NaN,NaN
you should feed firefox before releasing it   unfortunately the new firefox is a total disappointment it ate 40 of my lg g5 battery in an idle period i used to prefer firefox to be my browser but you guys kept changing it to the worse actually ive started believing firefox uses my phone for hidden cryptocurrencies mining,"[-1, -1, -1]",NaN,NaN,NaN
great browser but i get repeated warnings regarding battery usage hope this can be rectified soon,"[-1, -1, -1]",NaN,NaN,NaN
congrats youre the only app ive had on this phone that i get constant warnings for power consumption on and thats when im not even using it and no refresh option from the default display seriously was hoping this would be an improvement but just more of the same awful gs8,"[-1, -1, -1]",NaN,NaN,NaN
app was good but it drains battery more yesterday i check battery consumption android system was 984 and firefox 2560,"[-1, -1, -1]",NaN,NaN,NaN
quick battery draining firefox drains my battery from 20 to 1 in almost 30 minutes where other browser only drains 68 percent other than that all good,"[-1, -1, -1]",NaN,NaN,NaN
much better than before addons and themes on mobile is priceless also neat features in general there are a few things that i encountered that was slightly bothering me last pass accessibility just plain doesnt work and had to fiddle with the checkboxes to toggle them oh and battery consumption is noticeable but thats just based on feeling awesome browser,"[-1, -1, -1]",NaN,NaN,NaN
battery drainer used over 1hr of battery in the background,"[-1, -1, -1]",NaN,NaN,NaN
since the new update to go along with the new firefox quantum the browser is a lot slower now and takes up a lot of battery til those issues get fixed itll be a 2 star in my eyes afterwards itll go back to a 4 star,"[-1, -1, -1]",NaN,NaN,NaN
please add a quit option it consumes a lot of battery because it seems to run in the background thanks,"[-1, -1, -1]",NaN,NaN,NaN
i really love the ui of the update but its burning through my battery ive used it on my pixel on screen 12 minutes today  im 26 battery down thats unacceptable please fix this asap i dont want to have to use another browser,"[-1, -1, -1]",NaN,NaN,NaN
the only browser which makes my phone to get heat,"[-1, -1, -1]",NaN,NaN,NaN
found it was draining my battery excessively and hated the new interface,"[-1, -1, -1]",NaN,NaN,NaN
please just fix its battery use   i used it for 5 minutes and it used 2083 mah power,"[-1, -1, -1]",NaN,NaN,NaN
used to be awesome now not at all constantly dumps ram on closing eats way too much ram and battery and can no longer move to sd firefox was my only browser now i need another thats not so resource heavy,"[-1, -1, -1]",NaN,NaN,NaN
using more memory space and huge battery draining apart from this it was good,"[-1, -1, -1]",NaN,NaN,NaN
causes my tablet ngt5110 to start overheating within two minutes of opening firefox 560 i get the overheating warning and can feel the heat towards the bottom of my screen if i dont close ff the tablet restarts itself so frustrating,"[-1, -1, -1]",NaN,NaN,NaN
i regret giving this app such a negative review for this has been my go to for years but lately it has been showing so many signs of instability im not sure whats happening but firefox causes my phone to drain heat excessively and reboot nearly unusable i thought my phone was just about to die but i went back to using opera and i never had any issues even firefox focus is doing the same damn thing,"[-1, -1, -1]",NaN,NaN,NaN
i love the desktop version but over the years this app version has become a burden to my phone since the last few updates it has been freezing and crashing on occassion and has become a big battery drain,"[-1, -1, -1]",NaN,NaN,NaN
firefox used to be a great browser but now its not only a memory hog a battery killer it literally drains my battery so fast and when i go to look something up instead of going directly into firefox which is my main browser i have to touch the little black bar that comes up saying open in firefox ridiculous get it together you guys very poor quality too many megabytes each update too many updates as well,"[-1, -1, -1]",NaN,NaN,NaN
keep slowed over the time are this app getting old than going to die upg this app drain your battery cell quickly ,"[-1, -1, -1]",NaN,NaN,NaN
okay first things first firefox is a beast that guzzles battery i can go from 100 to 80 and lower in less than an hour my battery optimization apps try to shut it down all the time and even when im not using it it uses just as much battery sometimes ive clocked the memory usage at 1gb more than any app i have monitored saying that you get all the mod cons to be expected with firefox addons dedicated privacy features themes and a renowned familiar browsing experience and you get a browser from a company you can trust who are attempting to pioneer transparency in online privacy and have been championing the movement since time immemorial solid browser needs work though cant complain extensively though this is one of the best browsers out there with all its issues and bugs withstanding,"[-1, -1, -1]",NaN,NaN,NaN
huge battery drain percentage compare with android system within 2 days firefox background process is terrible,"[-1, -1, -1]",NaN,NaN,NaN
uses too much battery and kept phone awake for 10 hours overnight,"[-1, -1, -1]",NaN,NaN,NaN
im devoted firefox user over pc n checking out firefox android from past 2years but it still has many features missing n still not that easy going ui sync doesnt work clearing history is not one click method downloading is not that strong battery consumption is high sometimes it doesnt load images or videos present on page no option to watch videos in higher quality text rendering is still not superb still no customisation for ui as it looks too bland yes addons r big plus but basics r must,"[-1, -1, -1]",NaN,NaN,NaN
i was noticing constant battery drain and stopping firefox usage brought back battery life uninstalled it permanently albeit i used firefox since its first beta release in 2013 as no one cared about the reports,"[-1, -1, -1]",NaN,NaN,NaN
it killed my battery on the first use it seemed to be operating when not in use,"[-1, -1, -1]",NaN,NaN,NaN
recently facing problem app is drawing too much power please fix the bug at earliest,"[-1, -1, -1]",NaN,NaN,NaN
would like to like this but my god is it a battery drainer  set my phone down for almost two hours to watch a movie and came back to 18 battery remaining  this was with over 75 to start  love ff on the desktop but mobile needs major optimizing to be usable,"[-1, -1, -1]",NaN,NaN,NaN
i love firefox and have used it for years on laptops the flexibility and relative security has been a big plus but fx on android has hardly ever worked without issues in the last couple of years it has been getting more resource hungry consuming ram and draining the battery it is now painfully slow sometimes becoming completely unresponsive sadly the time has come to say goodbye on android now using much faster brave,"[-1, -1, -1]",NaN,NaN,NaN
great browser but is an absolute battery hog on my s7 edge im constantly receiving alerts for high battery usage never had this problem with chrome considering switching back,"[-1, -1, -1]",NaN,NaN,NaN
i really like this browser than any other but am facing a problem it drains my battery sometimes in background even i am not using,"[-1, -1, -1]",NaN,NaN,NaN
uses quite a bit of  battery wants to run in the background all the time also it used to be fast it gets slower with every update now theres quite a few faster browsers available and no i dont have a lot of addons to slow it down its just slower test driving a replacement now,"[-1, -1, -1]",NaN,NaN,NaN
slow and laggy compared to chrome and also drains the battery,"[-1, -1, -1]",NaN,NaN,NaN
massive battery drain its also done something to my signal keyboard uninstalled,"[-1, -1, -1]",NaN,NaN,NaN
suddenly it overheats drains battery quick cpu intensive and is sluggish when in use,"[-1, -1, -1]",NaN,NaN,NaN
its fast its smart and its safe the firefox browser does what it claims to do so im quite happy with that but i challenge you to find another app that drains as much battery as this one when it plays video it might not just be with video but nevertheless when an app makes my phone discharge while it is being charged theres a problem not to mention the apps inability to play and 1080p video i like and it would be a lot better if it didnt have all these problems so please fix it,"[-1, -1, -1]",NaN,NaN,NaN
wont load pages crashes and drains my battery in 10 minutes,"[-1, -1, -1]",NaN,NaN,NaN
continual freezing slow operation laggy excessive battery usage and blurred text mean i can only give one star this is the same on a sony xperia z5 samsung galaxy s5 and samsung galaxy s7 complete utter rubbish uninstalled,"[-1, -1, -1]",NaN,NaN,NaN
i love firefox but lately its been eating up resources and killing my battery life,"[-1, -1, -1]",NaN,NaN,NaN
unfortunately it now seem to eat up battery use and heats up my s7 edge  fair well old friend it seem that the firefox team are unaware of all the growing low scores that too bad,"[-1, -1, -1]",NaN,NaN,NaN
it wouldnt be so bad if it would shut off or uninstall but it does neither just kills my battery and constantly hangs  laughs especially on the private brozer that wont go away either i hate it but thats my taste others may not have the same experience with it that i do,"[-1, -1, -1]",NaN,NaN,NaN
in all honesty as much as this browser is bearable on an i7 its absolute rubbish on android drains battery faster than the screen also about 68 times slower than puffin browser,"[-1, -1, -1]",NaN,NaN,NaN
its too much slow than chromeuse allot battery nd very slowi switched it desktop site but its nt good as chrome is,"[-1, -1, -1]",NaN,NaN,NaN
ok im using firefox on my galaxy s4 only because its synced with pcs bookmarks and history as for performance lm not satisfied integrated browser is much faster than this when using 3g browser is consuming too much power im using firefox on my pc though and im pretty happy with it,"[-1, -1, -1]",NaN,NaN,NaN
love that its open source and sync with desktop is great but kills my battery so quickly compared to chrome,"[-1, -1, -1]",NaN,NaN,NaN
